{
  "Register New User" : {
    "transaction" : "Register New User",
    "sampleCount" : 200,
    "errorCount" : 150,
    "errorPct" : 75.0,
    "meanResTime" : 243.645,
    "medianResTime" : 246.0,
    "minResTime" : 1.0,
    "maxResTime" : 505.0,
    "pct1ResTime" : 252.0,
    "pct2ResTime" : 272.4499999999999,
    "pct3ResTime" : 502.0300000000009,
    "throughput" : 6.271165182490907,
    "receivedKBytesPerSec" : 2.356678154004139,
    "sentKBytesPerSec" : 2.100595368744513
  },
  "Get User Profile" : {
    "transaction" : "Get User Profile",
    "sampleCount" : 200,
    "errorCount" : 150,
    "errorPct" : 75.0,
    "meanResTime" : 2.634999999999999,
    "medianResTime" : 1.0,
    "minResTime" : 0.0,
    "maxResTime" : 18.0,
    "pct1ResTime" : 6.0,
    "pct2ResTime" : 7.0,
    "pct3ResTime" : 10.990000000000009,
    "throughput" : 6.359300476947536,
    "receivedKBytesPerSec" : 2.268171204292528,
    "sentKBytesPerSec" : 1.7870006955484896
  },
  "Login User" : {
    "transaction" : "Login User",
    "sampleCount" : 200,
    "errorCount" : 200,
    "errorPct" : 100.0,
    "meanResTime" : 4.465000000000001,
    "medianResTime" : 4.0,
    "minResTime" : 1.0,
    "maxResTime" : 23.0,
    "pct1ResTime" : 6.0,
    "pct2ResTime" : 7.949999999999989,
    "pct3ResTime" : 18.0,
    "throughput" : 6.362537379907107,
    "receivedKBytesPerSec" : 1.5724911719793853,
    "sentKBytesPerSec" : 1.7149026531780873
  },
  "Total" : {
    "transaction" : "Total",
    "sampleCount" : 800,
    "errorCount" : 650,
    "errorPct" : 81.25,
    "meanResTime" : 63.321250000000006,
    "medianResTime" : 4.0,
    "minResTime" : 0.0,
    "maxResTime" : 505.0,
    "pct1ResTime" : 247.0,
    "pct2ResTime" : 248.0,
    "pct3ResTime" : 301.99,
    "throughput" : 25.072082236429736,
    "receivedKBytesPerSec" : 7.867926685705779,
    "sentKBytesPerSec" : 7.427971629371944
  },
  "Logout User" : {
    "transaction" : "Logout User",
    "sampleCount" : 200,
    "errorCount" : 150,
    "errorPct" : 75.0,
    "meanResTime" : 2.5399999999999983,
    "medianResTime" : 1.0,
    "minResTime" : 0.0,
    "maxResTime" : 59.0,
    "pct1ResTime" : 5.0,
    "pct2ResTime" : 6.0,
    "pct3ResTime" : 30.830000000000155,
    "throughput" : 6.363954561364432,
    "receivedKBytesPerSec" : 1.7541271239698348,
    "sentKBytesPerSec" : 1.90638970868998
  }
}